customer_state,n,mean,median,mode,variance,range,iqr
AC,80,-20.725,-22.0,-34,150.65759493670882,76,13.0
RO,242,-20.09090909090909,-21.0,-21,86.50622406638999,67,12.0
AP,66,-19.727272727272727,-22.0,-21,504.44755244755237,191,13.5
AM,144,-19.59027777777778,-19.0,-22,249.67011460761452,157,16.0
RR,41,-17.29268292682927,-20.0,-29,877.6621951219511,190,23.0
MT,879,-14.45164960182025,-15.0,-14,99.20466413220657,102,10.0
PA,933,-14.190782422293676,-16.0,-21,193.1910308249268,225,14.0
RS,5326,-13.9209538114908,-15.0,-14,106.88370357833548,290,11.0
RN,471,-13.683651804670912,-15.0,-21,193.83375344445952,214,12.0
PB,512,-13.447265625,-14.0,-14,128.49819211717227,110,12.0
PE,1579,-13.360354654844839,-14.0,-14,142.16093675626948,176,12.0
PR,4900,-13.345102040816327,-14.0,-14,70.8020886811552,142,9.0
MG,11285,-13.265485157288436,-14.0,-14,73.59753690790166,240,9.0
GO,1946,-12.246145940390544,-13.0,-14,110.47151470156953,218,10.0
TO,273,-12.106227106227106,-13.0,-16,98.22029196293903,89,10.0
DF,2070,-12.03623188405797,-13.0,-14,71.31961460062618,103,8.0
RJ,12211,-11.82048972238146,-13.0,-14,179.47178652509868,297,12.0
SC,3519,-11.570332480818415,-13.0,-14,84.498107649516,128,10.0
PI,471,-11.295116772823778,-14.0,-15,262.7020824863351,207,16.0
SP,40266,-11.094297918839716,-11.0,-14,67.67050666340923,322,8.0
MS,699,-11.025751072961373,-12.0,-14,87.59532447089789,72,9.0
BA,3229,-10.89656240322081,-12.0,-14,159.08223415200592,203,12.0
CE,1273,-10.854673998428908,-13.0,-14,207.14159959882787,208,14.0
ES,1969,-10.68257998984256,-12.0,-15,121.50539252726192,204,9.0
SE,334,-10.068862275449101,-13.0,-14,317.76401251550965,207,12.0
MA,712,-9.650280898876405,-11.0,-13,197.46261595473987,274,13.0
AL,394,-8.817258883248732,-10.0,-13,171.8392942483305,119,16.0
