primary_category,n,mean,median,mode,variance,range,iqr
bed_bath_table,9087,-11.395179927368769,-12.0,-14,100.81553036328573,191,9.0
health_beauty,8567,-12.002101085560874,-13.0,-14,101.46485666360688,192,10.0
sports_leisure,7448,-11.85123523093448,-13.0,-14,93.72272977519478,199,10.0
computers_accessories,6480,-12.390895061728395,-13.0,-14,96.63171211740114,207,10.0
furniture_decor,6142,-12.30185607294041,-12.0,-14,139.29072770571105,314,10.0
housewares,5646,-12.071909316330146,-12.0,-14,97.06869881622154,285,10.0
watches_gifts,5436,-11.833517292126563,-13.0,-14,98.9792701286795,222,10.0
telephony,4049,-11.237589528278587,-12.0,-14,91.02950565064121,178,9.0
auto,3775,-11.261192052980132,-12.0,-14,112.28046227762633,217,9.0
toys,3757,-12.155177002927868,-13.0,-14,90.36755372931128,139,9.0
cool_stuff,3502,-12.40833809251856,-13.0,-14,104.8934808705224,254,9.0
garden_tools,3381,-11.857142857142858,-13.0,-14,93.23550295858,199,10.0
perfumery,3060,-12.333986928104576,-13.0,-14,101.64716095438943,185,10.0
baby,2737,-11.554621848739496,-12.0,-14,113.43643422281218,154,10.0
electronics,2484,-10.987520128824476,-12.0,-14,88.36673907530972,152,9.0
stationery,2231,-11.995965934558495,-13.0,-14,100.27666533336823,141,10.0
fashion_bags_accessories,1801,-13.182676290949473,-13.0,-14,95.7204997223764,115,11.0
pet_shop,1673,-12.40824865511058,-13.0,-14,73.40081708645899,72,10.0
unknown,1352,-11.341715976331361,-12.0,-14,101.52341022867114,169,9.0
office_furniture,1241,-11.839645447219985,-13.0,-14,152.6928140677394,210,11.0
luggage_accessories,1009,-12.630327056491575,-13.0,-14,62.143960309594554,91,8.0
consoles_games,1004,-11.536852589641434,-12.0,-14,114.16314701314371,212,10.0
home_appliances,744,-12.626344086021506,-12.0,-8,78.65965498777113,83,11.0
construction_tools_construction,719,-11.097357440890125,-11.0,-14,105.51975623835318,112,11.0
small_appliances,601,-13.89351081530782,-14.0,-14,86.65530782029946,95,10.0
musical_instruments,601,-11.414309484193012,-13.0,-14,137.95306156406,207,10.0
books_general_interest,488,-11.91188524590164,-13.0,-14,70.61028966236915,72,10.0
home_construction,471,-11.222929936305732,-12.0,-14,141.73955820571885,221,10.0
food,432,-9.75,-10.0,-7,142.4941995359629,154,10.0
furniture_living_room,404,-11.688118811881187,-11.0,-11,119.46080141512913,134,10.0
home_confort,369,-9.688346883468835,-11.0,-14,140.9488040532578,170,8.0
audio,341,-10.020527859237538,-11.0,-8,93.78487148525106,67,9.0
drinks,282,-10.879432624113475,-11.0,-8,93.6153050150173,103,8.0
market_place,266,-13.845864661654135,-12.0,-7,163.19502057029388,166,10.0
books_technical,252,-11.194444444444445,-12.0,-14,86.89032757857464,58,10.0
air_conditioning,241,-13.995850622406639,-14.0,-14,91.90414937759343,72,11.0
kitchen_dining_laundry_garden_furniture,235,-12.221276595744682,-11.0,-11,89.37817785051828,87,10.0
fashion_shoes,230,-14.334782608695653,-14.0,-14,92.91363204860451,61,9.75
industry_commerce_and_business,227,-12.330396475770925,-12.0,-14,101.90362948812907,82,10.0
construction_tools_lights,227,-11.308370044052863,-12.0,-12,69.1522747651164,51,9.0
home_appliances_2,226,-12.243362831858407,-13.0,-13,225.71384464110116,198,11.0
food_drink,219,-11.365296803652969,-12.0,-15,79.51732227388884,72,8.5
fixed_telephony,209,-14.885167464114833,-14.0,-15,114.87136547662863,63,13.0
art,191,-12.890052356020943,-12.0,-20,124.98258473408653,118,14.0
costruction_tools_garden,186,-13.446236559139784,-13.0,-15,77.15655332752105,58,8.75
agro_industry_and_commerce,177,-11.259887005649718,-10.0,-8,78.18207498715972,66,10.0
computers,174,-11.810344827586206,-13.0,-15,72.24705999601349,63,7.75
construction_tools_safety,153,-12.875816993464053,-13.0,-14,85.05684554523563,89,9.0
signaling_and_security,136,-11.808823529411764,-11.0,-8,128.95577342047935,111,9.0
christmas_supplies,122,-12.295081967213115,-13.5,-17,130.44113263785394,88,11.5
fashion_underwear_beach,116,-10.525862068965518,-11.5,-15,75.17323838080961,56,8.0
fashion_male_clothing,105,-13.628571428571428,-15.0,-16,72.0434065934066,52,11.0
costruction_tools_tools,94,-12.446808510638299,-13.0,-15,57.38961336078698,40,7.75
furniture_bedroom,90,-13.333333333333334,-13.0,-13,105.01123595505618,66,11.0
tablets_printing_image,76,-13.447368421052632,-14.0,-14,84.7305263157895,49,11.0
small_appliances_home_oven_and_coffee,72,-11.51388888888889,-12.0,-14,57.12656494522692,48,8.0
cine_photo,62,-10.67741935483871,-10.5,-12,65.14013749338974,40,8.75
dvds_blu_ray,55,-13.054545454545455,-14.0,-13,73.6821548821549,37,10.5
books_imported,50,-11.22,-11.0,-11,35.644489795918375,35,6.0
furniture_mattress_and_upholstery,37,-7.162162162162162,-10.0,-11,132.8063063063063,66,7.0
music,37,-13.972972972972974,-14.0,-28,125.19369369369367,50,14.0
party_supplies,37,-14.891891891891891,-14.0,-14,61.154654654654664,37,9.0
fashio_female_clothing,35,-12.028571428571428,-11.0,-11,67.49915966386556,35,9.0
flowers,28,-11.892857142857142,-11.5,-10,38.54365079365079,27,9.0
diapers_and_hygiene,25,-12.44,-9.0,-7,83.00666666666667,37,13.0
fashion_sport,25,-12.08,-14.0,-18,39.74333333333333,27,7.0
arts_and_craftmanship,22,-6.7727272727272725,-6.0,-6,35.32683982683983,22,10.25
home_comfort_2,21,-7.666666666666667,-10.0,-18,116.33333333333337,47,10.0
portateis_cozinha_e_preparadores_de_alimentos,13,-9.76923076923077,-10.0,-6,45.85897435897436,24,7.0
cds_dvds_musicals,12,-15.833333333333334,-15.0,-21,43.24242424242424,21,8.5
la_cuisine,12,-16.666666666666668,-16.0,-16,10.787878787878789,11,4.25
pc_gamer,7,-10.714285714285714,-13.0,-13,42.57142857142858,18,9.0
fashion_childrens_clothes,6,-15.333333333333334,-17.0,-23,69.46666666666667,21,11.25
security_and_services,2,-17.0,-17.0,-21,32.0,8,4.0
